entity,entity_type,source_doc_id,method,confidence,evidence
QUỐC HỘI,CoQuan,166170,gemini,0.9,
Tổ chức tín dụng,DoiTuongApDung,166170,gemini,0.85,"1. Tổ chức tín dụng. 2. Chi nhánh ngân hàng nước ngoài. 3. Văn phòng đại diện tại Việt Nam của tổ chức tín dụng nước ngoài, tổ chức nước ngoài khác có hoạt động ngân hàng (sau đây gọi là văn phòng đại diện nước ngoài)."
Chi nhánh ngân hàng nước ngoài,DoiTuongApDung,166170,gemini,0.85,"1. Tổ chức tín dụng. 2. Chi nhánh ngân hàng nước ngoài. 3. Văn phòng đại diện tại Việt Nam của tổ chức tín dụng nước ngoài, tổ chức nước ngoài khác có hoạt động ngân hàng (sau đây gọi là văn phòng đại diện nước ngoài)."
Văn phòng đại diện tại Việt Nam của tổ chức tín dụng nước ngoài,DoiTuongApDung,166170,gemini,0.85,"1. Tổ chức tín dụng. 2. Chi nhánh ngân hàng nước ngoài. 3. Văn phòng đại diện tại Việt Nam của tổ chức tín dụng nước ngoài, tổ chức nước ngoài khác có hoạt động ngân hàng (sau đây gọi là văn phòng đại diện nước ngoài)."
Tổ chức nước ngoài khác có hoạt động ngân hàng,DoiTuongApDung,166170,gemini,0.85,"1. Tổ chức tín dụng. 2. Chi nhánh ngân hàng nước ngoài. 3. Văn phòng đại diện tại Việt Nam của tổ chức tín dụng nước ngoài, tổ chức nước ngoài khác có hoạt động ngân hàng (sau đây gọi là văn phòng đại diện nước ngoài)."
"Tổ chức mà Nhà nước sở hữu 100% vốn điều lệ có chức năng mua, bán, xử lý nợ",DoiTuongApDung,166170,gemini,0.85,"1. Tổ chức tín dụng. 2. Chi nhánh ngân hàng nước ngoài. 3. Văn phòng đại diện tại Việt Nam của tổ chức tín dụng nước ngoài, tổ chức nước ngoài khác có hoạt động ngân hàng (sau đây gọi là văn phòng đại diện nước ngoài)."
"Cơ quan, tổ chức, cá nhân có liên quan",DoiTuongApDung,166170,gemini,0.85,"1. Tổ chức tín dụng. 2. Chi nhánh ngân hàng nước ngoài. 3. Văn phòng đại diện tại Việt Nam của tổ chức tín dụng nước ngoài, tổ chức nước ngoài khác có hoạt động ngân hàng (sau đây gọi là văn phòng đại diện nước ngoài)."
Tín dụng,LinhVuc,166170,gemini,0.9,
Ngân hàng,LinhVuc,166170,gemini,0.9,
Chính phủ,CoQuan,112025,gemini,0.9,
Doanh nghiệp bảo hiểm,DoiTuongApDung,112025,gemini,0.85,"Nghị định này áp dụng đối với: a) Doanh nghiệp bảo hiểm; b) Chi nhánh nước ngoài; c) Doanh nghiệp môi giới bảo hiểm, đại lý bảo hiểm; d) Các tổ chức, cá nhân khác có liên quan."
Chi nhánh nước ngoài,DoiTuongApDung,112025,gemini,0.85,"Nghị định này áp dụng đối với: a) Doanh nghiệp bảo hiểm; b) Chi nhánh nước ngoài; c) Doanh nghiệp môi giới bảo hiểm, đại lý bảo hiểm; d) Các tổ chức, cá nhân khác có liên quan."
"Doanh nghiệp môi giới bảo hiểm, đại lý bảo hiểm",DoiTuongApDung,112025,gemini,0.85,"Nghị định này áp dụng đối với: a) Doanh nghiệp bảo hiểm; b) Chi nhánh nước ngoài; c) Doanh nghiệp môi giới bảo hiểm, đại lý bảo hiểm; d) Các tổ chức, cá nhân khác có liên quan."
"Các tổ chức, cá nhân khác có liên quan",DoiTuongApDung,112025,gemini,0.85,"Nghị định này áp dụng đối với: a) Doanh nghiệp bảo hiểm; b) Chi nhánh nước ngoài; c) Doanh nghiệp môi giới bảo hiểm, đại lý bảo hiểm; d) Các tổ chức, cá nhân khác có liên quan."
Bảo hiểm,LinhVuc,112025,gemini,0.9,
Kinh doanh bảo hiểm,LinhVuc,112025,gemini,0.9,
Ngân hàng Nhà nước Việt Nam,CoQuan,38128,gemini,0.9,
Ngân hàng Nhà nước,CoQuan,38128,gemini,0.9,
Chính phủ,CoQuan,38128,gemini,0.9,
Cục Phát hành và Kho quỹ,CoQuan,38128,gemini,0.9,
Nhà máy in tiền Quốc gia,CoQuan,38128,gemini,0.9,
Thống đốc Ngân hàng Nhà nước Việt Nam,NguoiKy,38128,gemini,0.9,
Thống đốc,NguoiKy,38128,gemini,0.9,
Thủ tướng Chính phủ,NguoiKy,38128,gemini,0.9,
Cục trưởng Cục Phát hành và Kho quỹ,NguoiKy,38128,gemini,0.9,
Các đơn vị có liên quan thuộc Ngân hàng Nhà nước.,DoiTuongApDung,38128,gemini,0.85,Các đơn vị có liên quan thuộc Ngân hàng Nhà nước.
Nhà máy in tiền Quốc gia.,DoiTuongApDung,38128,gemini,0.85,Các đơn vị có liên quan thuộc Ngân hàng Nhà nước.
"Tổ chức, cá nhân khác có liên quan đến công việc thiết kế mẫu tiền, chế tạo bản in, khuôn đúc và in, đúc tiền.",DoiTuongApDung,38128,gemini,0.85,Các đơn vị có liên quan thuộc Ngân hàng Nhà nước.
Ngân hàng,LinhVuc,38128,gemini,0.9,
Phát hành tiền,LinhVuc,38128,gemini,0.9,
Quốc hội,CoQuan,26750,gemini,0.9,
kiểm toán viên,DoiTuongApDung,26750,gemini,0.85,"Luật này áp dụng đối với kiểm toán viên, kiểm toán viên hành nghề, doanh nghiệp kiểm toán, chi nhánh doanh nghiệp kiểm toán nước ngoài tại Việt Nam, đơn vị được kiểm toán, tổ chức nghề nghiệp về kiểm toán và tổ chức, cá nhân khác có liên quan đến hoạt động kiểm toán độc lập."
kiểm toán viên hành nghề,DoiTuongApDung,26750,gemini,0.85,"Luật này áp dụng đối với kiểm toán viên, kiểm toán viên hành nghề, doanh nghiệp kiểm toán, chi nhánh doanh nghiệp kiểm toán nước ngoài tại Việt Nam, đơn vị được kiểm toán, tổ chức nghề nghiệp về kiểm toán và tổ chức, cá nhân khác có liên quan đến hoạt động kiểm toán độc lập."
doanh nghiệp kiểm toán,DoiTuongApDung,26750,gemini,0.85,"Luật này áp dụng đối với kiểm toán viên, kiểm toán viên hành nghề, doanh nghiệp kiểm toán, chi nhánh doanh nghiệp kiểm toán nước ngoài tại Việt Nam, đơn vị được kiểm toán, tổ chức nghề nghiệp về kiểm toán và tổ chức, cá nhân khác có liên quan đến hoạt động kiểm toán độc lập."
chi nhánh doanh nghiệp kiểm toán nước ngoài tại Việt Nam,DoiTuongApDung,26750,gemini,0.85,"Luật này áp dụng đối với kiểm toán viên, kiểm toán viên hành nghề, doanh nghiệp kiểm toán, chi nhánh doanh nghiệp kiểm toán nước ngoài tại Việt Nam, đơn vị được kiểm toán, tổ chức nghề nghiệp về kiểm toán và tổ chức, cá nhân khác có liên quan đến hoạt động kiểm toán độc lập."
đơn vị được kiểm toán,DoiTuongApDung,26750,gemini,0.85,"Luật này áp dụng đối với kiểm toán viên, kiểm toán viên hành nghề, doanh nghiệp kiểm toán, chi nhánh doanh nghiệp kiểm toán nước ngoài tại Việt Nam, đơn vị được kiểm toán, tổ chức nghề nghiệp về kiểm toán và tổ chức, cá nhân khác có liên quan đến hoạt động kiểm toán độc lập."
tổ chức nghề nghiệp về kiểm toán,DoiTuongApDung,26750,gemini,0.85,"Luật này áp dụng đối với kiểm toán viên, kiểm toán viên hành nghề, doanh nghiệp kiểm toán, chi nhánh doanh nghiệp kiểm toán nước ngoài tại Việt Nam, đơn vị được kiểm toán, tổ chức nghề nghiệp về kiểm toán và tổ chức, cá nhân khác có liên quan đến hoạt động kiểm toán độc lập."
"tổ chức, cá nhân khác có liên quan đến hoạt động kiểm toán độc lập",DoiTuongApDung,26750,gemini,0.85,"Luật này áp dụng đối với kiểm toán viên, kiểm toán viên hành nghề, doanh nghiệp kiểm toán, chi nhánh doanh nghiệp kiểm toán nước ngoài tại Việt Nam, đơn vị được kiểm toán, tổ chức nghề nghiệp về kiểm toán và tổ chức, cá nhân khác có liên quan đến hoạt động kiểm toán độc lập."
Kiểm toán,LinhVuc,26750,gemini,0.9,
Tài chính,LinhVuc,26750,gemini,0.9,
Chính phủ,CoQuan,163441,gemini,0.9,
Doanh nghiệp bảo hiểm phi nhân thọ,DoiTuongApDung,163441,gemini,0.85,"Nghị định này quy định chi tiết thi hành khoản 2 Điều 6, khoản 2 Điều 7, khoản 5 Điều 11, điểm b khoản 1 Điều 64, điểm a khoản 2 Điều 64, khoản 3 Điều 65, điểm đ khoản 1 Điều 67, điểm a khoản 2 Điều 67, khoản 6 Điều 69, khoản 4 Điều 71, khoản 4 Điều 74, khoản 2 Điều 77, khoản 5 Điều 81, khoản 4 Điều 83, khoản 5 Điều 87, khoản 1 Điều 89, khoản 3 Điều 93, khoản 6 Điều 94, khoản 4 Điều 97, khoản 2 Điều 98, điểm b khoản 1 và khoản 5 Điều 99, khoản 5 Điều 100, khoản 3 Điều 101, khoản 2 Điều 102, khoản 3 Điều 115, điểm d khoản 2 Điều 125, điểm b khoản 1 và điểm a khoản 2 Điều 133, khoản 2 Điều 134, khoản 4 Điều 136, khoản 1 và khoản 3 Điều 138, khoản 3 Điều 143, khoản 1 Điều 152, khoản 3 Điều 156, điểm b khoản 5 Điều 157 Luật Kinh doanh bảo hiểm."
doanh nghiệp bảo hiểm nhân thọ,DoiTuongApDung,163441,gemini,0.85,"Nghị định này quy định chi tiết thi hành khoản 2 Điều 6, khoản 2 Điều 7, khoản 5 Điều 11, điểm b khoản 1 Điều 64, điểm a khoản 2 Điều 64, khoản 3 Điều 65, điểm đ khoản 1 Điều 67, điểm a khoản 2 Điều 67, khoản 6 Điều 69, khoản 4 Điều 71, khoản 4 Điều 74, khoản 2 Điều 77, khoản 5 Điều 81, khoản 4 Điều 83, khoản 5 Điều 87, khoản 1 Điều 89, khoản 3 Điều 93, khoản 6 Điều 94, khoản 4 Điều 97, khoản 2 Điều 98, điểm b khoản 1 và khoản 5 Điều 99, khoản 5 Điều 100, khoản 3 Điều 101, khoản 2 Điều 102, khoản 3 Điều 115, điểm d khoản 2 Điều 125, điểm b khoản 1 và điểm a khoản 2 Điều 133, khoản 2 Điều 134, khoản 4 Điều 136, khoản 1 và khoản 3 Điều 138, khoản 3 Điều 143, khoản 1 Điều 152, khoản 3 Điều 156, điểm b khoản 5 Điều 157 Luật Kinh doanh bảo hiểm."
doanh nghiệp bảo hiểm sức khỏe,DoiTuongApDung,163441,gemini,0.85,"Nghị định này quy định chi tiết thi hành khoản 2 Điều 6, khoản 2 Điều 7, khoản 5 Điều 11, điểm b khoản 1 Điều 64, điểm a khoản 2 Điều 64, khoản 3 Điều 65, điểm đ khoản 1 Điều 67, điểm a khoản 2 Điều 67, khoản 6 Điều 69, khoản 4 Điều 71, khoản 4 Điều 74, khoản 2 Điều 77, khoản 5 Điều 81, khoản 4 Điều 83, khoản 5 Điều 87, khoản 1 Điều 89, khoản 3 Điều 93, khoản 6 Điều 94, khoản 4 Điều 97, khoản 2 Điều 98, điểm b khoản 1 và khoản 5 Điều 99, khoản 5 Điều 100, khoản 3 Điều 101, khoản 2 Điều 102, khoản 3 Điều 115, điểm d khoản 2 Điều 125, điểm b khoản 1 và điểm a khoản 2 Điều 133, khoản 2 Điều 134, khoản 4 Điều 136, khoản 1 và khoản 3 Điều 138, khoản 3 Điều 143, khoản 1 Điều 152, khoản 3 Điều 156, điểm b khoản 5 Điều 157 Luật Kinh doanh bảo hiểm."
doanh nghiệp tái bảo hiểm,DoiTuongApDung,163441,gemini,0.85,"Nghị định này quy định chi tiết thi hành khoản 2 Điều 6, khoản 2 Điều 7, khoản 5 Điều 11, điểm b khoản 1 Điều 64, điểm a khoản 2 Điều 64, khoản 3 Điều 65, điểm đ khoản 1 Điều 67, điểm a khoản 2 Điều 67, khoản 6 Điều 69, khoản 4 Điều 71, khoản 4 Điều 74, khoản 2 Điều 77, khoản 5 Điều 81, khoản 4 Điều 83, khoản 5 Điều 87, khoản 1 Điều 89, khoản 3 Điều 93, khoản 6 Điều 94, khoản 4 Điều 97, khoản 2 Điều 98, điểm b khoản 1 và khoản 5 Điều 99, khoản 5 Điều 100, khoản 3 Điều 101, khoản 2 Điều 102, khoản 3 Điều 115, điểm d khoản 2 Điều 125, điểm b khoản 1 và điểm a khoản 2 Điều 133, khoản 2 Điều 134, khoản 4 Điều 136, khoản 1 và khoản 3 Điều 138, khoản 3 Điều 143, khoản 1 Điều 152, khoản 3 Điều 156, điểm b khoản 5 Điều 157 Luật Kinh doanh bảo hiểm."
đại lý bảo hiểm,DoiTuongApDung,163441,gemini,0.85,"Nghị định này quy định chi tiết thi hành khoản 2 Điều 6, khoản 2 Điều 7, khoản 5 Điều 11, điểm b khoản 1 Điều 64, điểm a khoản 2 Điều 64, khoản 3 Điều 65, điểm đ khoản 1 Điều 67, điểm a khoản 2 Điều 67, khoản 6 Điều 69, khoản 4 Điều 71, khoản 4 Điều 74, khoản 2 Điều 77, khoản 5 Điều 81, khoản 4 Điều 83, khoản 5 Điều 87, khoản 1 Điều 89, khoản 3 Điều 93, khoản 6 Điều 94, khoản 4 Điều 97, khoản 2 Điều 98, điểm b khoản 1 và khoản 5 Điều 99, khoản 5 Điều 100, khoản 3 Điều 101, khoản 2 Điều 102, khoản 3 Điều 115, điểm d khoản 2 Điều 125, điểm b khoản 1 và điểm a khoản 2 Điều 133, khoản 2 Điều 134, khoản 4 Điều 136, khoản 1 và khoản 3 Điều 138, khoản 3 Điều 143, khoản 1 Điều 152, khoản 3 Điều 156, điểm b khoản 5 Điều 157 Luật Kinh doanh bảo hiểm."
doanh nghiệp môi giới bảo hiểm,DoiTuongApDung,163441,gemini,0.85,"Nghị định này quy định chi tiết thi hành khoản 2 Điều 6, khoản 2 Điều 7, khoản 5 Điều 11, điểm b khoản 1 Điều 64, điểm a khoản 2 Điều 64, khoản 3 Điều 65, điểm đ khoản 1 Điều 67, điểm a khoản 2 Điều 67, khoản 6 Điều 69, khoản 4 Điều 71, khoản 4 Điều 74, khoản 2 Điều 77, khoản 5 Điều 81, khoản 4 Điều 83, khoản 5 Điều 87, khoản 1 Điều 89, khoản 3 Điều 93, khoản 6 Điều 94, khoản 4 Điều 97, khoản 2 Điều 98, điểm b khoản 1 và khoản 5 Điều 99, khoản 5 Điều 100, khoản 3 Điều 101, khoản 2 Điều 102, khoản 3 Điều 115, điểm d khoản 2 Điều 125, điểm b khoản 1 và điểm a khoản 2 Điều 133, khoản 2 Điều 134, khoản 4 Điều 136, khoản 1 và khoản 3 Điều 138, khoản 3 Điều 143, khoản 1 Điều 152, khoản 3 Điều 156, điểm b khoản 5 Điều 157 Luật Kinh doanh bảo hiểm."
"tổ chức, cá nhân cung cấp dịch vụ phụ trợ bảo hiểm",DoiTuongApDung,163441,gemini,0.85,"Nghị định này quy định chi tiết thi hành khoản 2 Điều 6, khoản 2 Điều 7, khoản 5 Điều 11, điểm b khoản 1 Điều 64, điểm a khoản 2 Điều 64, khoản 3 Điều 65, điểm đ khoản 1 Điều 67, điểm a khoản 2 Điều 67, khoản 6 Điều 69, khoản 4 Điều 71, khoản 4 Điều 74, khoản 2 Điều 77, khoản 5 Điều 81, khoản 4 Điều 83, khoản 5 Điều 87, khoản 1 Điều 89, khoản 3 Điều 93, khoản 6 Điều 94, khoản 4 Điều 97, khoản 2 Điều 98, điểm b khoản 1 và khoản 5 Điều 99, khoản 5 Điều 100, khoản 3 Điều 101, khoản 2 Điều 102, khoản 3 Điều 115, điểm d khoản 2 Điều 125, điểm b khoản 1 và điểm a khoản 2 Điều 133, khoản 2 Điều 134, khoản 4 Điều 136, khoản 1 và khoản 3 Điều 138, khoản 3 Điều 143, khoản 1 Điều 152, khoản 3 Điều 156, điểm b khoản 5 Điều 157 Luật Kinh doanh bảo hiểm."
tổ chức tương hỗ cung cấp bảo hiểm vi mô,DoiTuongApDung,163441,gemini,0.85,"Nghị định này quy định chi tiết thi hành khoản 2 Điều 6, khoản 2 Điều 7, khoản 5 Điều 11, điểm b khoản 1 Điều 64, điểm a khoản 2 Điều 64, khoản 3 Điều 65, điểm đ khoản 1 Điều 67, điểm a khoản 2 Điều 67, khoản 6 Điều 69, khoản 4 Điều 71, khoản 4 Điều 74, khoản 2 Điều 77, khoản 5 Điều 81, khoản 4 Điều 83, khoản 5 Điều 87, khoản 1 Điều 89, khoản 3 Điều 93, khoản 6 Điều 94, khoản 4 Điều 97, khoản 2 Điều 98, điểm b khoản 1 và khoản 5 Điều 99, khoản 5 Điều 100, khoản 3 Điều 101, khoản 2 Điều 102, khoản 3 Điều 115, điểm d khoản 2 Điều 125, điểm b khoản 1 và điểm a khoản 2 Điều 133, khoản 2 Điều 134, khoản 4 Điều 136, khoản 1 và khoản 3 Điều 138, khoản 3 Điều 143, khoản 1 Điều 152, khoản 3 Điều 156, điểm b khoản 5 Điều 157 Luật Kinh doanh bảo hiểm."
chi nhánh doanh nghiệp bảo hiểm phi nhân thọ nước ngoài,DoiTuongApDung,163441,gemini,0.85,"Nghị định này quy định chi tiết thi hành khoản 2 Điều 6, khoản 2 Điều 7, khoản 5 Điều 11, điểm b khoản 1 Điều 64, điểm a khoản 2 Điều 64, khoản 3 Điều 65, điểm đ khoản 1 Điều 67, điểm a khoản 2 Điều 67, khoản 6 Điều 69, khoản 4 Điều 71, khoản 4 Điều 74, khoản 2 Điều 77, khoản 5 Điều 81, khoản 4 Điều 83, khoản 5 Điều 87, khoản 1 Điều 89, khoản 3 Điều 93, khoản 6 Điều 94, khoản 4 Điều 97, khoản 2 Điều 98, điểm b khoản 1 và khoản 5 Điều 99, khoản 5 Điều 100, khoản 3 Điều 101, khoản 2 Điều 102, khoản 3 Điều 115, điểm d khoản 2 Điều 125, điểm b khoản 1 và điểm a khoản 2 Điều 133, khoản 2 Điều 134, khoản 4 Điều 136, khoản 1 và khoản 3 Điều 138, khoản 3 Điều 143, khoản 1 Điều 152, khoản 3 Điều 156, điểm b khoản 5 Điều 157 Luật Kinh doanh bảo hiểm."
chi nhánh doanh nghiệp tái bảo hiểm nước ngoài,DoiTuongApDung,163441,gemini,0.85,"Nghị định này quy định chi tiết thi hành khoản 2 Điều 6, khoản 2 Điều 7, khoản 5 Điều 11, điểm b khoản 1 Điều 64, điểm a khoản 2 Điều 64, khoản 3 Điều 65, điểm đ khoản 1 Điều 67, điểm a khoản 2 Điều 67, khoản 6 Điều 69, khoản 4 Điều 71, khoản 4 Điều 74, khoản 2 Điều 77, khoản 5 Điều 81, khoản 4 Điều 83, khoản 5 Điều 87, khoản 1 Điều 89, khoản 3 Điều 93, khoản 6 Điều 94, khoản 4 Điều 97, khoản 2 Điều 98, điểm b khoản 1 và khoản 5 Điều 99, khoản 5 Điều 100, khoản 3 Điều 101, khoản 2 Điều 102, khoản 3 Điều 115, điểm d khoản 2 Điều 125, điểm b khoản 1 và điểm a khoản 2 Điều 133, khoản 2 Điều 134, khoản 4 Điều 136, khoản 1 và khoản 3 Điều 138, khoản 3 Điều 143, khoản 1 Điều 152, khoản 3 Điều 156, điểm b khoản 5 Điều 157 Luật Kinh doanh bảo hiểm."
"Văn phòng đại diện của doanh nghiệp bảo hiểm nước ngoài, doanh nghiệp tái bảo hiểm nước ngoài, doanh nghiệp môi giới bảo hiểm nước ngoài, tập đoàn tài chính, bảo hiểm nước ngoài tại Việt Nam",DoiTuongApDung,163441,gemini,0.85,"Nghị định này quy định chi tiết thi hành khoản 2 Điều 6, khoản 2 Điều 7, khoản 5 Điều 11, điểm b khoản 1 Điều 64, điểm a khoản 2 Điều 64, khoản 3 Điều 65, điểm đ khoản 1 Điều 67, điểm a khoản 2 Điều 67, khoản 6 Điều 69, khoản 4 Điều 71, khoản 4 Điều 74, khoản 2 Điều 77, khoản 5 Điều 81, khoản 4 Điều 83, khoản 5 Điều 87, khoản 1 Điều 89, khoản 3 Điều 93, khoản 6 Điều 94, khoản 4 Điều 97, khoản 2 Điều 98, điểm b khoản 1 và khoản 5 Điều 99, khoản 5 Điều 100, khoản 3 Điều 101, khoản 2 Điều 102, khoản 3 Điều 115, điểm d khoản 2 Điều 125, điểm b khoản 1 và điểm a khoản 2 Điều 133, khoản 2 Điều 134, khoản 4 Điều 136, khoản 1 và khoản 3 Điều 138, khoản 3 Điều 143, khoản 1 Điều 152, khoản 3 Điều 156, điểm b khoản 5 Điều 157 Luật Kinh doanh bảo hiểm."
Bên mua bảo hiểm,DoiTuongApDung,163441,gemini,0.85,"Nghị định này quy định chi tiết thi hành khoản 2 Điều 6, khoản 2 Điều 7, khoản 5 Điều 11, điểm b khoản 1 Điều 64, điểm a khoản 2 Điều 64, khoản 3 Điều 65, điểm đ khoản 1 Điều 67, điểm a khoản 2 Điều 67, khoản 6 Điều 69, khoản 4 Điều 71, khoản 4 Điều 74, khoản 2 Điều 77, khoản 5 Điều 81, khoản 4 Điều 83, khoản 5 Điều 87, khoản 1 Điều 89, khoản 3 Điều 93, khoản 6 Điều 94, khoản 4 Điều 97, khoản 2 Điều 98, điểm b khoản 1 và khoản 5 Điều 99, khoản 5 Điều 100, khoản 3 Điều 101, khoản 2 Điều 102, khoản 3 Điều 115, điểm d khoản 2 Điều 125, điểm b khoản 1 và điểm a khoản 2 Điều 133, khoản 2 Điều 134, khoản 4 Điều 136, khoản 1 và khoản 3 Điều 138, khoản 3 Điều 143, khoản 1 Điều 152, khoản 3 Điều 156, điểm b khoản 5 Điều 157 Luật Kinh doanh bảo hiểm."
người được bảo hiểm,DoiTuongApDung,163441,gemini,0.85,"Nghị định này quy định chi tiết thi hành khoản 2 Điều 6, khoản 2 Điều 7, khoản 5 Điều 11, điểm b khoản 1 Điều 64, điểm a khoản 2 Điều 64, khoản 3 Điều 65, điểm đ khoản 1 Điều 67, điểm a khoản 2 Điều 67, khoản 6 Điều 69, khoản 4 Điều 71, khoản 4 Điều 74, khoản 2 Điều 77, khoản 5 Điều 81, khoản 4 Điều 83, khoản 5 Điều 87, khoản 1 Điều 89, khoản 3 Điều 93, khoản 6 Điều 94, khoản 4 Điều 97, khoản 2 Điều 98, điểm b khoản 1 và khoản 5 Điều 99, khoản 5 Điều 100, khoản 3 Điều 101, khoản 2 Điều 102, khoản 3 Điều 115, điểm d khoản 2 Điều 125, điểm b khoản 1 và điểm a khoản 2 Điều 133, khoản 2 Điều 134, khoản 4 Điều 136, khoản 1 và khoản 3 Điều 138, khoản 3 Điều 143, khoản 1 Điều 152, khoản 3 Điều 156, điểm b khoản 5 Điều 157 Luật Kinh doanh bảo hiểm."
người thụ hưởng,DoiTuongApDung,163441,gemini,0.85,"Nghị định này quy định chi tiết thi hành khoản 2 Điều 6, khoản 2 Điều 7, khoản 5 Điều 11, điểm b khoản 1 Điều 64, điểm a khoản 2 Điều 64, khoản 3 Điều 65, điểm đ khoản 1 Điều 67, điểm a khoản 2 Điều 67, khoản 6 Điều 69, khoản 4 Điều 71, khoản 4 Điều 74, khoản 2 Điều 77, khoản 5 Điều 81, khoản 4 Điều 83, khoản 5 Điều 87, khoản 1 Điều 89, khoản 3 Điều 93, khoản 6 Điều 94, khoản 4 Điều 97, khoản 2 Điều 98, điểm b khoản 1 và khoản 5 Điều 99, khoản 5 Điều 100, khoản 3 Điều 101, khoản 2 Điều 102, khoản 3 Điều 115, điểm d khoản 2 Điều 125, điểm b khoản 1 và điểm a khoản 2 Điều 133, khoản 2 Điều 134, khoản 4 Điều 136, khoản 1 và khoản 3 Điều 138, khoản 3 Điều 143, khoản 1 Điều 152, khoản 3 Điều 156, điểm b khoản 5 Điều 157 Luật Kinh doanh bảo hiểm."
Cơ quan quản lý nhà nước về hoạt động kinh doanh bảo hiểm,DoiTuongApDung,163441,gemini,0.85,"Nghị định này quy định chi tiết thi hành khoản 2 Điều 6, khoản 2 Điều 7, khoản 5 Điều 11, điểm b khoản 1 Điều 64, điểm a khoản 2 Điều 64, khoản 3 Điều 65, điểm đ khoản 1 Điều 67, điểm a khoản 2 Điều 67, khoản 6 Điều 69, khoản 4 Điều 71, khoản 4 Điều 74, khoản 2 Điều 77, khoản 5 Điều 81, khoản 4 Điều 83, khoản 5 Điều 87, khoản 1 Điều 89, khoản 3 Điều 93, khoản 6 Điều 94, khoản 4 Điều 97, khoản 2 Điều 98, điểm b khoản 1 và khoản 5 Điều 99, khoản 5 Điều 100, khoản 3 Điều 101, khoản 2 Điều 102, khoản 3 Điều 115, điểm d khoản 2 Điều 125, điểm b khoản 1 và điểm a khoản 2 Điều 133, khoản 2 Điều 134, khoản 4 Điều 136, khoản 1 và khoản 3 Điều 138, khoản 3 Điều 143, khoản 1 Điều 152, khoản 3 Điều 156, điểm b khoản 5 Điều 157 Luật Kinh doanh bảo hiểm."
Tổ chức và cá nhân có liên quan đến hoạt động kinh doanh bảo hiểm,DoiTuongApDung,163441,gemini,0.85,"Nghị định này quy định chi tiết thi hành khoản 2 Điều 6, khoản 2 Điều 7, khoản 5 Điều 11, điểm b khoản 1 Điều 64, điểm a khoản 2 Điều 64, khoản 3 Điều 65, điểm đ khoản 1 Điều 67, điểm a khoản 2 Điều 67, khoản 6 Điều 69, khoản 4 Điều 71, khoản 4 Điều 74, khoản 2 Điều 77, khoản 5 Điều 81, khoản 4 Điều 83, khoản 5 Điều 87, khoản 1 Điều 89, khoản 3 Điều 93, khoản 6 Điều 94, khoản 4 Điều 97, khoản 2 Điều 98, điểm b khoản 1 và khoản 5 Điều 99, khoản 5 Điều 100, khoản 3 Điều 101, khoản 2 Điều 102, khoản 3 Điều 115, điểm d khoản 2 Điều 125, điểm b khoản 1 và điểm a khoản 2 Điều 133, khoản 2 Điều 134, khoản 4 Điều 136, khoản 1 và khoản 3 Điều 138, khoản 3 Điều 143, khoản 1 Điều 152, khoản 3 Điều 156, điểm b khoản 5 Điều 157 Luật Kinh doanh bảo hiểm."
Bảo hiểm,LinhVuc,163441,gemini,0.9,
Kinh doanh bảo hiểm,LinhVuc,163441,gemini,0.9,
CHÍNH PHỦ,CoQuan,146468,gemini,0.9,
"Tổ chức, cá nhân Việt Nam và tổ chức, cá nhân nước ngoài",DoiTuongApDung,146468,gemini,0.85,"Tổ chức, cá nhân Việt Nam và tổ chức, cá nhân nước ngoài (sau đây gọi chung là tổ chức, cá nhân) thực hiện hành vi vi phạm hành chính trong lĩnh vực chứng khoán và thị trường chứng khoán quy định tại Nghị định này."
Chính trị - Xã hội,LinhVuc,146468,gemini,0.9,
Chứng khoán,LinhVuc,146468,gemini,0.9,
Ngân hàng Nhà nước Việt Nam,CoQuan,168220,gemini,0.9,
Ngân hàng hợp tác xã,DoiTuongApDung,168220,gemini,0.85,"1. Ngân hàng hợp tác xã. 2. Quỹ tín dụng nhân dân. 3. Tổ chức, cá nhân có liên quan đến phạm vi điều chỉnh quy định tại Điều 1 Thông tư này."
Quỹ tín dụng nhân dân,DoiTuongApDung,168220,gemini,0.85,"1. Ngân hàng hợp tác xã. 2. Quỹ tín dụng nhân dân. 3. Tổ chức, cá nhân có liên quan đến phạm vi điều chỉnh quy định tại Điều 1 Thông tư này."
"Tổ chức, cá nhân có liên quan đến phạm vi điều chỉnh quy định tại Điều 1 Thông tư này",DoiTuongApDung,168220,gemini,0.85,"1. Ngân hàng hợp tác xã. 2. Quỹ tín dụng nhân dân. 3. Tổ chức, cá nhân có liên quan đến phạm vi điều chỉnh quy định tại Điều 1 Thông tư này."
Ngân hàng,LinhVuc,168220,gemini,0.9,
Tín dụng,LinhVuc,168220,gemini,0.9,
CHÍNH PHỦ,CoQuan,133858,gemini,0.9,
"Các bộ, cơ quan ngang bộ, cơ quan thuộc Chính phủ",DoiTuongApDung,133858,gemini,0.85,"Đối tượng áp dụng Nghị định này bao gồm: Các bộ, cơ quan ngang bộ, cơ quan thuộc Chính phủ; Ủy ban nhân dân các tỉnh, thành phố trực thuộc trung ương; Các đơn vị sự nghiệp công lập; Các doanh nghiệp; Các tổ chức, cá nhân khác có liên quan đến hoạt động kiểm toán nội bộ."
"Ủy ban nhân dân các tỉnh, thành phố trực thuộc trung ương",DoiTuongApDung,133858,gemini,0.85,"Đối tượng áp dụng Nghị định này bao gồm: Các bộ, cơ quan ngang bộ, cơ quan thuộc Chính phủ; Ủy ban nhân dân các tỉnh, thành phố trực thuộc trung ương; Các đơn vị sự nghiệp công lập; Các doanh nghiệp; Các tổ chức, cá nhân khác có liên quan đến hoạt động kiểm toán nội bộ."
Các đơn vị sự nghiệp công lập,DoiTuongApDung,133858,gemini,0.85,"Đối tượng áp dụng Nghị định này bao gồm: Các bộ, cơ quan ngang bộ, cơ quan thuộc Chính phủ; Ủy ban nhân dân các tỉnh, thành phố trực thuộc trung ương; Các đơn vị sự nghiệp công lập; Các doanh nghiệp; Các tổ chức, cá nhân khác có liên quan đến hoạt động kiểm toán nội bộ."
Các doanh nghiệp,DoiTuongApDung,133858,gemini,0.85,"Đối tượng áp dụng Nghị định này bao gồm: Các bộ, cơ quan ngang bộ, cơ quan thuộc Chính phủ; Ủy ban nhân dân các tỉnh, thành phố trực thuộc trung ương; Các đơn vị sự nghiệp công lập; Các doanh nghiệp; Các tổ chức, cá nhân khác có liên quan đến hoạt động kiểm toán nội bộ."
"Các tổ chức, cá nhân khác có liên quan đến hoạt động kiểm toán nội bộ",DoiTuongApDung,133858,gemini,0.85,"Đối tượng áp dụng Nghị định này bao gồm: Các bộ, cơ quan ngang bộ, cơ quan thuộc Chính phủ; Ủy ban nhân dân các tỉnh, thành phố trực thuộc trung ương; Các đơn vị sự nghiệp công lập; Các doanh nghiệp; Các tổ chức, cá nhân khác có liên quan đến hoạt động kiểm toán nội bộ."
Kiểm toán,LinhVuc,133858,gemini,0.9,
Kế toán,LinhVuc,133858,gemini,0.9,
Ngân hàng Nhà nước Việt Nam,CoQuan,169221,gemini,0.9,
Thống đốc,NguoiKy,169221,gemini,0.9,
Cục Quản lý dự trữ ngoại hối nhà nước,DoiTuongApDung,169221,gemini,0.85,"Cục Quản lý dự trữ ngoại hối nhà nước chủ trì, phối hợp với Vụ Chính sách tiền tệ, Vụ Quản lý ngoại hối và Vụ Dự báo, thống kê"
Vụ Chính sách tiền tệ,DoiTuongApDung,169221,gemini,0.85,"Cục Quản lý dự trữ ngoại hối nhà nước chủ trì, phối hợp với Vụ Chính sách tiền tệ, Vụ Quản lý ngoại hối và Vụ Dự báo, thống kê"
Vụ Quản lý ngoại hối,DoiTuongApDung,169221,gemini,0.85,"Cục Quản lý dự trữ ngoại hối nhà nước chủ trì, phối hợp với Vụ Chính sách tiền tệ, Vụ Quản lý ngoại hối và Vụ Dự báo, thống kê"
"Vụ Dự báo, thống kê",DoiTuongApDung,169221,gemini,0.85,"Cục Quản lý dự trữ ngoại hối nhà nước chủ trì, phối hợp với Vụ Chính sách tiền tệ, Vụ Quản lý ngoại hối và Vụ Dự báo, thống kê"
Các đơn vị có liên quan,DoiTuongApDung,169221,gemini,0.85,"Cục Quản lý dự trữ ngoại hối nhà nước chủ trì, phối hợp với Vụ Chính sách tiền tệ, Vụ Quản lý ngoại hối và Vụ Dự báo, thống kê"
Ngân hàng,LinhVuc,169221,gemini,0.9,
Ngoại hối,LinhVuc,169221,gemini,0.9,
Tín dụng,LinhVuc,169221,gemini,0.9,
CHÍNH PHỦ,CoQuan,95652,gemini,0.9,
Nhà đầu tư gồm các tổ chức kinh tế và cá nhân có quốc tịch Việt Nam,DoiTuongApDung,95652,gemini,0.85,Điều 2. Đối tượng áp dụng 1. Nhà đầu tư gồm các đối tượng sau: a) Tổ chức kinh tế theo quy định tại Khoản 16 Điều 3 Luật Đầu tư; b) Cá nhân có quốc tịch Việt Nam thuộc đối tượng được tham gia chương trình thưởng cổ phiếu phát hành ở nước ngoài.
Các cơ quan quản lý nhà nước tham gia quản lý hoạt động đầu tư gián tiếp ra nước ngoài,DoiTuongApDung,95652,gemini,0.85,Điều 2. Đối tượng áp dụng 1. Nhà đầu tư gồm các đối tượng sau: a) Tổ chức kinh tế theo quy định tại Khoản 16 Điều 3 Luật Đầu tư; b) Cá nhân có quốc tịch Việt Nam thuộc đối tượng được tham gia chương trình thưởng cổ phiếu phát hành ở nước ngoài.
"Các tổ chức, cá nhân khác có liên quan đến hoạt động đầu tư gián tiếp ra nước ngoài",DoiTuongApDung,95652,gemini,0.85,Điều 2. Đối tượng áp dụng 1. Nhà đầu tư gồm các đối tượng sau: a) Tổ chức kinh tế theo quy định tại Khoản 16 Điều 3 Luật Đầu tư; b) Cá nhân có quốc tịch Việt Nam thuộc đối tượng được tham gia chương trình thưởng cổ phiếu phát hành ở nước ngoài.
Đầu tư,LinhVuc,95652,gemini,0.9,
Tín dụng,LinhVuc,95652,gemini,0.9,
Chứng khoán,LinhVuc,95652,gemini,0.9,
Bảo hiểm,LinhVuc,95652,gemini,0.9,
Ngân hàng,LinhVuc,95652,gemini,0.9,
Ngoại hối,LinhVuc,95652,gemini,0.9,
Chính phủ,CoQuan,f69936f0-6937-11f1-a48d-29bc6b0fd706,gemini,0.9,
"Tổ chức, cá nhân Việt Nam và tổ chức, cá nhân nước ngoài",DoiTuongApDung,f69936f0-6937-11f1-a48d-29bc6b0fd706,gemini,0.85,"Tổ chức, cá nhân Việt Nam và tổ chức, cá nhân nước ngoài (sau đây gọi chung là Tổ chức, cá nhân) thực hiện hành vi vi phạm hành chính trong lĩnh vực chứng khoán và thị trường chứng khoán quy định tại Nghị định này."
Chứng khoán,LinhVuc,f69936f0-6937-11f1-a48d-29bc6b0fd706,gemini,0.9,
Bộ Tài chính,CoQuan,30402,gemini,0.9,
"Kiểm toán viên đăng ký hành nghề tại doanh nghiệp kiểm toán, chi nhánh doanh nghiệp kiểm toán nước ngoài tại Việt Nam.",DoiTuongApDung,30402,gemini,0.85,"Thông tư này quy định về đăng ký, quản lý và công khai danh sách kiểm toán viên hành nghề kiểm toán theo quy định tại điểm i khoản 2 Điều 11 Luật kiểm toán độc lập."
"Doanh nghiệp kiểm toán, chi nhánh doanh nghiệp kiểm toán nước ngoài tại Việt Nam (sau đây gọi chung là doanh nghiệp kiểm toán).",DoiTuongApDung,30402,gemini,0.85,"Thông tư này quy định về đăng ký, quản lý và công khai danh sách kiểm toán viên hành nghề kiểm toán theo quy định tại điểm i khoản 2 Điều 11 Luật kiểm toán độc lập."
"Tổ chức, cá nhân có liên quan đến việc đăng ký, quản lý và công khai danh sách kiểm toán viên hành nghề kiểm toán.",DoiTuongApDung,30402,gemini,0.85,"Thông tư này quy định về đăng ký, quản lý và công khai danh sách kiểm toán viên hành nghề kiểm toán theo quy định tại điểm i khoản 2 Điều 11 Luật kiểm toán độc lập."
Kiểm toán,LinhVuc,30402,gemini,0.9,
Kiểm toán độc lập,LinhVuc,30402,gemini,0.9,
Ngân hàng Nhà nước Việt Nam,CoQuan,173460,gemini,0.9,
Công ty tài chính tổng hợp,DoiTuongApDung,173460,gemini,0.85,"Điều 2. Đối tượng áp dụng 1. Công ty tài chính tổng hợp. 2. Công ty tài chính chuyên ngành. 3. Các tổ chức, cá nhân có liên quan đến việc cấp Giấy phép lần đầu của tổ chức tín dụng phi ngân hàng."
Công ty tài chính chuyên ngành,DoiTuongApDung,173460,gemini,0.85,"Điều 2. Đối tượng áp dụng 1. Công ty tài chính tổng hợp. 2. Công ty tài chính chuyên ngành. 3. Các tổ chức, cá nhân có liên quan đến việc cấp Giấy phép lần đầu của tổ chức tín dụng phi ngân hàng."
"Các tổ chức, cá nhân có liên quan đến việc cấp Giấy phép lần đầu của tổ chức tín dụng phi ngân hàng",DoiTuongApDung,173460,gemini,0.85,"Điều 2. Đối tượng áp dụng 1. Công ty tài chính tổng hợp. 2. Công ty tài chính chuyên ngành. 3. Các tổ chức, cá nhân có liên quan đến việc cấp Giấy phép lần đầu của tổ chức tín dụng phi ngân hàng."
Ngân hàng,LinhVuc,173460,gemini,0.9,
Tín dụng,LinhVuc,173460,gemini,0.9,
Ngân hàng Nhà nước Việt Nam,CoQuan,27257,gemini,0.9,
Tổ chức tín dụng,DoiTuongApDung,27257,gemini,0.85,"1. Tổ chức tín dụng; 2. Chi nhánh ngân hàng nước ngoài; 3. Tổ chức, cá nhân có liên quan đến hệ thống kiểm soát nội bộ và kiểm toán nội bộ của tổ chức tín dụng, chi nhánh ngân hàng nước ngoài."
Chi nhánh ngân hàng nước ngoài,DoiTuongApDung,27257,gemini,0.85,"1. Tổ chức tín dụng; 2. Chi nhánh ngân hàng nước ngoài; 3. Tổ chức, cá nhân có liên quan đến hệ thống kiểm soát nội bộ và kiểm toán nội bộ của tổ chức tín dụng, chi nhánh ngân hàng nước ngoài."
"Tổ chức, cá nhân có liên quan đến hệ thống kiểm soát nội bộ và kiểm toán nội bộ của tổ chức tín dụng, chi nhánh ngân hàng nước ngoài",DoiTuongApDung,27257,gemini,0.85,"1. Tổ chức tín dụng; 2. Chi nhánh ngân hàng nước ngoài; 3. Tổ chức, cá nhân có liên quan đến hệ thống kiểm soát nội bộ và kiểm toán nội bộ của tổ chức tín dụng, chi nhánh ngân hàng nước ngoài."
Ngân hàng,LinhVuc,27257,gemini,0.9,
Tín dụng,LinhVuc,27257,gemini,0.9,
Bộ Tài chính,CoQuan,143217,gemini,0.9,
Đỗ Hoàng Anh Tuấn,NguoiKy,143217,gemini,0.9,
Doanh nghiệp,DoiTuongApDung,143217,gemini,0.85,Thông tư này áp dụng đối với các doanh nghiệp quy định tại khoản 1 Điều 10 Nghị định số 05/2019/NĐ-CP ngày 22 tháng 01 năm 2019 của Chính phủ về kiếm toán nội bộ.
Kiểm toán,LinhVuc,143217,gemini,0.9,
Kế toán,LinhVuc,143217,gemini,0.9,
Ngân hàng Nhà nước Việt Nam,CoQuan,168859,gemini,0.9,
Thống đốc Ngân hàng Nhà nước Việt Nam,NguoiKy,168859,gemini,0.9,
Quỹ tín dụng nhân dân,DoiTuongApDung,168859,gemini,0.85,"Điều 2. Đối tượng áp dụng 1. Quỹ tín dụng nhân dân. 2. Ngân hàng hợp tác xã. 3. Tổ chức, cá nhân có liên quan đến quản trị, điều hành, tổ chức và hoạt động của quỹ tín dụng nhân dân."
Ngân hàng hợp tác xã,DoiTuongApDung,168859,gemini,0.85,"Điều 2. Đối tượng áp dụng 1. Quỹ tín dụng nhân dân. 2. Ngân hàng hợp tác xã. 3. Tổ chức, cá nhân có liên quan đến quản trị, điều hành, tổ chức và hoạt động của quỹ tín dụng nhân dân."
"Tổ chức, cá nhân có liên quan đến quản trị, điều hành, tổ chức và hoạt động của quỹ tín dụng nhân dân",DoiTuongApDung,168859,gemini,0.85,"Điều 2. Đối tượng áp dụng 1. Quỹ tín dụng nhân dân. 2. Ngân hàng hợp tác xã. 3. Tổ chức, cá nhân có liên quan đến quản trị, điều hành, tổ chức và hoạt động của quỹ tín dụng nhân dân."
Ngân hàng,LinhVuc,168859,gemini,0.9,
Tín dụng,LinhVuc,168859,gemini,0.9,
