source_id,source_so_ky_hieu,target_so_ky_hieu,trigger,evidence
38128,37/2014/TT-NHNN,46/2010/QH12,căn cứ,"4 THÔNG TƯ Q uy định việc thiết kế mẫu tiền, chế bản và quản lý in, đúc tiền Việt Nam ____________________ Căn cứ Luật Ngân hàng Nhà nước Việt Nam số 46/2010/QH12 ; Căn cứ Nghị định số 156/2013/NĐ-CP ngày 11/11/2013 của Chính phủ quy định chức năng, nhiệm vụ, quyền hạn và cơ cấu tổ chức của Ngân hàng Nhà nước V"
163441,46/2023/NĐ-CP,73/2016/NĐ-CP,nhắc đến,"gày 01 tháng 01 năm 2023: Trước ngày 01 tháng 01 năm 2028, vốn điều lệ, vốn chủ sở hữu không thấp hơn vốn pháp định quy định tại Điều 10 Nghị định số 73/2016/NĐ-CP; từ ngày 01 tháng 01 năm 2028, vốn điều lệ, vốn chủ sở hữu không thấp hơn vốn điều lệ tối thiểu theo quy định tại Điều 35 Nghị định này; b) Đối với c"
163441,46/2023/NĐ-CP,73/2016/NĐ-CP,"sửa đổi, bổ sung","ệp phát hành trước ngày 01 tháng 01 năm 2023 thì không được phép gia hạn khoản đầu tư này. 4. Nghị định này thay thế các văn bản sau: a) Nghị định số 73/2016/NĐ-CP ngày 01 tháng 7 năm 2016 của Chính phủ quy định chi tiết thi hành Luật Kinh doanh bảo hiểm và Luật sửa đổi, bổ sung một số điều của Luật Kinh doanh b"
169221,43/2024/TT-NHNN,01/2014/TT-NHNN,"sửa đổi, bổ sung","NGHĨA VIỆT NAM Độc lập – Tự do – Hạnh phúc Số: 43/2024/TT-NHNN Hà Nội, ngày 09 tháng 8 năm 2024 THÔNG TƯ Sửa đổi, bổ sung một số điều của Thông tư số 01/2014/TT-NHNN ngày 10 tháng 12 năm 2014 của Thống đốc Ngân hàng Nhà nước Việt Nam hướng dẫn việc tổ chức thực hiện hoạt động quản lý dự trữ ngoại hối nhà nước ____"
169221,43/2024/TT-NHNN,01/2014/TT-NHNN,bãi bỏ,"ân hàng Nhà nước; b) Thực hiện các nhiệm vụ khác theo quy định tại Thông tư này.” Điều 2. Thay thế, bổ sung và bãi bỏ một số quy định của Thông tư số 01/2014/TT-NHNN 1. Thay thế Phụ lục số 01, Phụ lục số 03, Phụ lục số 04, Phụ lục số 06, Phụ lục số 07 và Phụ lục số 08 (đã được thay thế bởi Thông tư số 12/2023/TT-N"
f69936f0-6937-11f1-a48d-29bc6b0fd706,17/VBHN-BTC,156/2020/NĐ-CP,nhắc đến,"do - Hạnh phúc __________________ NGHỊ ĐỊNH [1] Quy định xử phạt vi phạm hành chính trong lĩnh vực chứng khoán và thị trường chứng khoán Nghị định số 156/2020/NĐ-CP ngày 31 tháng 12 năm 2020 của Chính phủ quy định xử phạt vi phạm hành chính trong lĩnh vực chứng khoán và thị trường chứng khoán, có hiệu lực thi hàn"
f69936f0-6937-11f1-a48d-29bc6b0fd706,17/VBHN-BTC,156/2020/NĐ-CP,"sửa đổi, bổ sung","ăm 2021, được sửa đổi, bổ sung bởi: Nghị định số 128/2021/NĐ-CP ngày 30 tháng 12 năm 2021 của Chính phủ sửa đổi, bổ sung một số điều của Nghị định số 156/2020/NĐ-CP ngày 31 tháng 12 năm 2020 của Chính phủ quy định xử phạt vi phạm hành chính trong lĩnh vực chứng khoán và thị trường chứng khoán, có hiệu lực thi hàn"
30402,202/2012/TT-BTC,67/2011/QH12,căn cứ,"THÔNG TƯ Hướng dẫn về đăng ký, quản lý và công khai danh sách kiểm toán viên hành nghề kiểm toán ___________________ Căn cứ Luật Kiểm toán độc lập số 67/2011/QH12 ngày 29 tháng 3 năm 2011; Căn cứ Nghị định số 17/2012/NĐ-CP ngày 13/3/2012 của Chính phủ quy định chi tiết và hướng dẫn thi hành một số điều của Luật"
27257,44/2011/TT-NHNN,46/2010/QH12,căn cứ,"định về hệ thống kiểm soát nội bộ và kiểm toán nội bộ của tổ chức tín dụng, chi nhánh ngân hàng nước ngoài Căn cứ Luật Ngân hàng Nhà nước Việt Nam số 46/2010/QH12 ngày 16 tháng 6 năm 2010; Căn cứ Luật Các tổ chức tín dụng số 47/2010/QH12 ngày 16 tháng 6 năm 2010; Căn cứ Nghị định số 96/2008/NĐ-CP ngày 26/8/2008"
143217,66/2020/TT-BTC,05/2019/NĐ-CP,căn cứ,Ban hành Quy chế mẫu về kiểm toán nội bộ áp dụng cho doanh nghiệp Căn cứ Luật kế toán số 88/2015/QH 13 ngày 20 tháng 11 năm 2015; Căn cứ Nghị định số 05/2019/NĐ-CP ngày 22 thảng 01 năm 2019 của Chính phủ về kiếm toán nội bộ; Căn cứ Nghị định số 87/2017/NĐ-CP ngày 26 tháng 7 năm 2017 của Chính phủ quy định chức n
143217,66/2020/TT-BTC,05/2019/NĐ-CP,nhắc đến,ểm toán nội bộ của doanh nghiệp. Điều 2. Đối tượng áp dụng 1. Thông tư này áp dụng đối với các doanh nghiệp quy định tại khoản 1 Điều 10 Nghị định số 05/2019/NĐ-CP ngày 22 tháng 01 năm 2019 của Chính phủ về kiếm toán nội bộ. 2. Các doanh nghiệp không thuộc quy định tại khoản 1 Điều này được khuyến khích xây dựng
150974,08/2021/TT-BTC,05/2019/NĐ-CP,căn cứ,tắc đạo đức nghề nghiệp kiểm toán nội bộ ‾‾‾‾‾‾‾‾‾‾‾‾‾‾‾‾‾‾‾‾‾‾‾‾‾‾‾‾ Căn cứ Luật kế toán số 88/2015/QH13 ngày 20 tháng 11 năm 2015; Căn cứ Nghị định 05/2019/NĐ-CP ngày 22 tháng 01 năm 2019 của Chính phủ về kiểm toán nội bộ; Căn cứ Nghị định số 87/2017/NĐ-CP ngày 26 tháng 7 năm 2017 của Chính phủ quy định chức n
150974,08/2021/TT-BTC,05/2019/NĐ-CP,nhắc đến,"hiệp kiểm toán nội bộ áp dụng đối với các doanh nghiệp, cơ quan nhà nước, đơn vị sự nghiệp công lập quy định tại Điều 8, Điều 9, Điều 10 Nghị định số 05/2019/NĐ-CP ngày 22 tháng 01 năm 2019 của Chính phủ về kiểm toán nội bộ và các tổ chức cá nhân có liên quan trong hoạt động kiểm toán nội bộ của các đơn vị này. "
164719,22/2023/TT-NHNN,41/2016/TT-NHNN,"sửa đổi, bổ sung","GHĨA VIỆT NAM Độc lập – Tự do – Hạnh phúc Số: 22/2023/TT-NHNN Hà Nội, ngày 29 tháng 12 năm 2023 THÔNG TƯ Sửa đổi, bổ sung một số điều của Thông tư số 41/2016/TT-NHNN ngày 30 tháng 12 năm 2016 của Thống đốc Ngân hàng Nhà nước Việt Nam quy định tỷ lệ an toàn vốn đối với ngân hàng, chi nhánh ngân hàng nước ngoài Căn "
164719,22/2023/TT-NHNN,41/2016/TT-NHNN,thay thế,"à nước trong việc chấp hành quy định tại Thông tư này."" Điều 2. Thay thế Phụ lục 01, Phụ lục 02, Phụ lục 03, Phụ lục 04 và Phụ lục 06 của Thông tư số 41/2016/TT-NHNN bằng Phụ lục 01, Phụ lục 02, Phụ lục 03, Phụ lục 04 và Phụ lục 06 ban hành kèm theo Thông tư này. Điều 3. Trách nhiệm tổ chức thực hiện Chánh Văn phò"
186482,69/2025/TT-NHNN,32/2024/QH15,căn cứ,"ảm điều kiện kinh doanh, đơn giản hóa thủ tục hành chính Căn cứ Luật Ngân hàng Nhà nước Việt Nam số 46/2010/QH12; Căn cứ Luật Các tổ chức tín dụng số 32/2024/QH15 được sửa đổi, bổ sung bởi Luật số 96/2025/QH15; Căn cứ Nghị định số 26/2025/NĐ-CP của Chính phủ quy định chức năng, nhiệm vụ, quyền hạn và cơ cấu tổ "
186482,69/2025/TT-NHNN,62/2024/TT-NHNN,"sửa đổi, bổ sung","hụ lục ban hành kèm theo Thông tư 53/2018/TT-NHNN bằng Phụ lục ban hành kèm theo Thông tư này. Chương IV SỬA ĐỔI, BỔ SUNG MỘT SỐ ĐIỀU CỦA THÔNG TƯ SỐ 62/2024/TT-NHNN CỦA THỐNG ĐỐC NGÂN HÀNG NHÀ NƯỚC VIỆT NAM QUY ĐỊNH VỀ ĐIỀU KIỆN, HỒ SƠ, THỦ TỤC CHẤP THUẬN VIỆC TỔ CHỨC LẠI NGÂN HÀNG THƯƠNG MẠI, TỔ CHỨC TÍN DỤNG PH"
186482,69/2025/TT-NHNN,46/2010/QH12,căn cứ,"c quản lý, giám sát ngân hàng liên quan đến cắt giảm điều kiện kinh doanh, đơn giản hóa thủ tục hành chính Căn cứ Luật Ngân hàng Nhà nước Việt Nam số 46/2010/QH12; Căn cứ Luật Các tổ chức tín dụng số 32/2024/QH15 được sửa đổi, bổ sung bởi Luật số 96/2025/QH15; Căn cứ Nghị định số 26/2025/NĐ-CP của Chính phủ quy"
112924,105/2016/TT-BTC,135/2015/NĐ-CP,căn cứ,"15/2013/NĐ-CP ngày 23 tháng 12 năm 2013 của Chính phủ quy định chức năng, nhiệm vụ, quyền hạn và cơ cấu tổ chức của Bộ Tài chính; Căn cứ Nghị định số 135/2015/NĐ-CP ngày 31 tháng 12 năm 2015 của Chính phủ quy định về đầu tư gián tiếp ra nước ngoài; Theo đề nghị của Chủ tịch Ủy ban Chứng khoán Nhà nước, Cục trưởng"
112924,105/2016/TT-BTC,135/2015/NĐ-CP,nhắc đến,", cá nhân có liên quan đến hoạt động đầu tư gián tiếp ra nước ngoài. Điều 3. Giải thích từ ngữ Ngoài các từ ngữ đã được giải thích trong Nghị định số 135/2015/NĐ-CP ngày 31/12/2015 của Chính phủ quy định về đầu tư gián tiếp ra nước ngoài (sau đây gọi là Nghị định số 135/2015/NĐ-CP ), trong Thông tư này, các từ ng"
186888,62/2025/TT-NHNN,32/2024/QH15,căn cứ," tổ chức tín dụng là hợp tác xã, tổ chức tài chính vi mô Căn cứ Luật Ngân hàng Nhà nước Việt Nam số 46/2010/QH12; Căn cứ Luật Các tổ chức tín dụng số 32/2024/QH15 được sửa đổi, bổ sung bởi Luật số 96/2025/QH15; Căn cứ Nghị định số 26/2025/NĐ-CP của Chính phủ quy định chức năng, nhiệm vụ, quyền hạn và cơ cấu tổ "
186888,62/2025/TT-NHNN,44/2011/TT-NHNN,bãi bỏ,"hương V ĐIỀU KHOẢN THI HÀNH Điều 56. Điều khoản thi hành 1. Thông tư này có hiệu lực từ ngày 01 tháng 01 năm 2027. 2. Thông tư này bãi bỏ Thông tư số 44/2011/TT-NHNN ngày 29 tháng 12 năm 2011 của Thống đốc Ngân hàng Nhà nước Việt Nam quy định về hệ thống kiểm soát nội bộ và kiểm toán nội bộ của tổ chức tín dụng, c"
186888,62/2025/TT-NHNN,46/2010/QH12,căn cứ,"THÔNG TƯ Quy định về hệ thống kiểm soát nội bộ của tổ chức tín dụng là hợp tác xã, tổ chức tài chính vi mô Căn cứ Luật Ngân hàng Nhà nước Việt Nam số 46/2010/QH12; Căn cứ Luật Các tổ chức tín dụng số 32/2024/QH15 được sửa đổi, bổ sung bởi Luật số 96/2025/QH15; Căn cứ Nghị định số 26/2025/NĐ-CP của Chính phủ quy"
6e689cd0-6f81-11f1-94d6-fd5d6d5ff793,52/VBHN-NHNN,56/2024/TT-NHNN,nhắc đến," TƯ Quy định hồ sơ, thủ tục cấp Giấy phép lần đầu của ngân hàng thương mại, chi nhánh ngân hàng nước ngoài, văn phòng đại diện nước ngoài Thông tư số 56/2024/TT-NHNN ngày 24 tháng 12 năm 2024 của Thống đốc Ngân hàng Nhà nước Việt Nam quy định hồ sơ, thủ tục cấp Giấy phép lần đầu của ngân hàng thương mại, chi nhánh"
185630,63/2025/TT-NHNN,32/2024/QH15,căn cứ,"một số điều của một số Thông tư về quỹ tín dụng nhân dân Căn cứ Luật Ngân hàng Nhà nước Việt Nam số 46/2010/QH12; Căn cứ Luật Các tổ chức tín dụng số 32/2024/QH15 được sửa đổi, bổ sung bởi Luật số 96/2025/QH15; Căn cứ Luật Hợp tác xã số 17/2023/QH15; Căn cứ Nghị định số 26/2025/NĐ-CP của Chính phủ quy định chức"
185630,63/2025/TT-NHNN,29/2024/TT-NHNN,"sửa đổi, bổ sung","am ban hành Thông tư sửa đổi, bổ sung một số điều của một số Thông tư về quỹ tín dụng nhân dân. Chương I SỬA ĐỔI, BỔ SUNG MỘT SỐ ĐIỀU CỦA THÔNG TƯ SỐ 29/2024/TT-NHNN QUY ĐỊNH VỀ QUỸ TÍN DỤNG NHÂN DÂN Điều 1. Sửa đổi, bổ sung điểm d khoản 2 Điều 25 “d) Định kỳ hằng quý, nộp lại sổ tiết kiệm trắng không sử dụng được"
185630,63/2025/TT-NHNN,29/2024/TT-NHNN,nhắc đến,"à nước Việt Nam quy định về tổ chức và hoạt động của phòng giao dịch bưu điện trực thuộc Ngân hàng thương mại cổ phần Bưu điện Liên Việt, Thông tư số 29/2024/TT-NHNN ngày 28 tháng 6 năm 2024 của Thống đốc Ngân hàng Nhà nước Việt Nam quy định về quỹ tín dụng nhân dân và Thông tư số 32/2024/TT-NHNN ngày 30 tháng 6 n"
185630,63/2025/TT-NHNN,17/2023/QH15,căn cứ," Việt Nam số 46/2010/QH12; Căn cứ Luật Các tổ chức tín dụng số 32/2024/QH15 được sửa đổi, bổ sung bởi Luật số 96/2025/QH15; Căn cứ Luật Hợp tác xã số 17/2023/QH15; Căn cứ Nghị định số 26/2025/NĐ-CP của Chính phủ quy định chức năng, nhiệm vụ, quyền hạn và cơ cấu tổ chức của Ngân hàng Nhà nước Việt Nam; Theo đề n"
185630,63/2025/TT-NHNN,01/2025/TT-NHNN,"sửa đổi, bổ sung","Nhà nước chi nhánh phê duyệt tiếp tục thực hiện việc xử lý theo phương án đã được phê duyệt.”. Chương II SỬA ĐỔI, BỔ SUNG MỘT SỐ ĐIỀU CỦA THÔNG TƯ SỐ 01/2025/TT-NHNN QUY ĐỊNH VỀ CẤP GIẤY PHÉP LẦN ĐẦU, CẤP ĐỔI GIẤY PHÉP CỦA QUỸ TÍN DỤNG NHÂN DÂN Điều 3. Sửa đổi, bổ sung Điều 5 1. Sửa đổi tên Điều 5 như sau: “ Điều "
185630,63/2025/TT-NHNN,46/2010/QH12,căn cứ,"ày 31 tháng 12 năm 2025 THÔNG TƯ Sửa đổi, bổ sung một số điều của một số Thông tư về quỹ tín dụng nhân dân Căn cứ Luật Ngân hàng Nhà nước Việt Nam số 46/2010/QH12; Căn cứ Luật Các tổ chức tín dụng số 32/2024/QH15 được sửa đổi, bổ sung bởi Luật số 96/2025/QH15; Căn cứ Luật Hợp tác xã số 17/2023/QH15; Căn cứ Nghị"
117310,41/2016/TT-NHNN,46/2010/QH12,căn cứ,"30 tháng 12 năm 2016 THÔNG TƯ Quy định tỷ lệ an toàn vốn đối với ngân hàng, chi nhánh ngân hàng nước ngoài Căn cứ Luật Ngân hàng Nhà nước Việt Nam số 46/2010/QH12 ngày 16 tháng 6 năm 2010; Căn cứ Luật các tổ chức tín dụng số 47/2010/QH12 ngày 16 tháng 6 năm 2010; Căn cứ Nghị định số 156/2013/NĐ-CP ngày 11 tháng"
44209,01/2014/TT-NHNN,46/2010/QH12,căn cứ,"áng 01 năm 2014 THÔNG TƯ Quy định về giao nhận, bảo quản, vận chuyển tiền mặt, tài sản quý, giấy tờ có giá Căn cứ Luật Ngân hàng Nhà nước Việt Nam số 46/2010/QH12 ngày 16 tháng 6 năm 2010; Căn cứ Luật Các tổ chức tín dụng số 47/2010/QH12 ngày 16 tháng 6 năm 2010; Căn cứ Nghị định số 156/2013/NĐ-CP ngày 11 tháng"
